dataset_name,generated_by,generated_at,check,meaning_if_FALSE,outcome,remarks,next_steps
,,,sheet1_classes,,,,
,,,sheet1_ranges,,,,
,,,sheet2_classes,,,,
,,,sheet2_ranges,,,,
,,,sheet3_classes,,,,
,,,sheet3_ranges,,,,
,,,sheet4_classes,,,,
,,,sheet4_ranges,,,,
,,,sheet5_classes,,,,
,,,sheet5_ranges,,,,
,,,sheet5_plot_treatments_match,a plot in the plots table has a treatment that does not show up in the treatments table,,,
,,,sheet6_classes,,,,
,,,sheet6_ranges,,,,
,,,sheet6_plot_ids_match,a plot shows up in the plants table that does not show up in the plots table,,,
,,,sheet6_plant_plot_treatments_match,a plot in the plants table has a treatment that does not match its treatment in the plots table,,,
,,,sheet6_plant_treatments_match,an individual plant has a treatment that does not show up in the treatments table,,,
,,,sheet7_classes,,,,
,,,sheet7_ranges,,,,
,,,sheet7_plant_ids_match,a plant shows up in the pressure chamber data that does not show up in the plants table,,,
,,,sheet7_plot_ids_match,a plot shows up in the pressure chamber data that does not show up in the plots table,,,
,,,sheet7_plant_plot_ids_match,a plant shows up in the pressure chamber data on a plot other than where it shows up in the plants table,,,
,,,sheet8_classes,,,,
,,,sheet8_ranges,,,,
,,,sheet8_plant_ids_match,a plant shows up in the automated wp data that does not show up in the plants table,,,
,,,sheet8_plot_ids_match,a plot shows up in the automated wp data that does not show up in the plots table,,,
,,,sheet8_plant_plot_ids_match,a plant shows up in the automated wp data on a plot other than where it shows up in the plants table,,,
,,,sheet9_classes,,,,
,,,sheet9_ranges,,,,
,,,sheet9_plant_ids_match,a plant shows up in the soil moisture/water content data that does not show up in the plants table,,,
,,,sheet9_plot_ids_match,a plot shows up in the soil moisture/water content data that does not show up in the plots table,,,
,,,sheet9_plant_plot_ids_match,a plant shows up in the soil moisture/water content data on a plot other than where it shows up in the plants table,,,
,,,sheet10_classes,,,,
,,,sheet10_ranges,,,,
,,,sheet11_classes,,,,
,,,sheet11_ranges,,,,
,,,data_promised,a data variable is promised in the data description table but not provided,,,
